geo_id,name_x,total_pop,pct_male,median_age,pct_hisp_latino,pce_white,pct_black,pct_american_ind,pct_asian,pct_hawaiian_pacisldr,pct_other_race,name_y,pct_unemployed,avg_wrk_commute_mins,median_hsld_income,per_cap_income,name_x,total_households,avg_household_size,avg_family_size,pop_in_households,pct_bach_degree,name_y,total_housing_units,occupied_housing_units,total_units_in_structure,units_built_after_2014,owner_occupied_units,renter_occupied_units
1400000US11001000100,"Census Tract 1, District of Columbia, District of Columbia",5160,47.2,41.3,14.6,76.1,0.7,0.0,6.2,0.0,0.0,"Census Tract 1, District of Columbia, District of Columbia",1.8,24.2,191146,136192,"Census Tract 1, District of Columbia, District of Columbia",2351,2.19,2.72,5147,89.6,"Census Tract 1, District of Columbia, District of Columbia",2805,2351,2805,0,1294,1057
1400000US11001000201,"Census Tract 2.01, District of Columbia, District of Columbia",3817,46.7,19.8,9.9,57.2,8.7,0.2,18.5,0.0,0.0,"Census Tract 2.01, District of Columbia, District of Columbia",2.1,13.3,-,3743,"Census Tract 2.01, District of Columbia, District of Columbia",0,-,-,0,100.0,"Census Tract 2.01, District of Columbia, District of Columbia",0,0,0,0,0,0
1400000US11001000202,"Census Tract 2.02, District of Columbia, District of Columbia",4541,50.8,27.5,8.9,74.3,5.9,0.9,6.3,0.3,0.0,"Census Tract 2.02, District of Columbia, District of Columbia",2.3,21.3,170987,79611,"Census Tract 2.02, District of Columbia, District of Columbia",1563,2.26,2.62,3540,90.5,"Census Tract 2.02, District of Columbia, District of Columbia",1852,1563,1852,21,1063,500
1400000US11001000300,"Census Tract 3, District of Columbia, District of Columbia",6334,44.9,31.5,6.6,77.1,7.3,0.0,7.4,0.0,0.0,"Census Tract 3, District of Columbia, District of Columbia",2.0,25.3,152120,75083,"Census Tract 3, District of Columbia, District of Columbia",2455,2.58,3.00,6334,91.1,"Census Tract 3, District of Columbia, District of Columbia",2540,2455,2540,20,1234,1221
1400000US11001000400,"Census Tract 4, District of Columbia, District of Columbia",1428,42.6,45.7,15.6,72.5,3.0,0.0,6.2,0.0,0.0,"Census Tract 4, District of Columbia, District of Columbia",0.4,25.6,126731,137970,"Census Tract 4, District of Columbia, District of Columbia",618,2.27,3.18,1401,82.0,"Census Tract 4, District of Columbia, District of Columbia",720,618,720,28,354,264
1400000US11001000501,"Census Tract 5.01, District of Columbia, District of Columbia",3545,50.9,34.8,16.6,75.1,4.1,0.0,2.3,0.0,0.0,"Census Tract 5.01, District of Columbia, District of Columbia",1.7,27.7,116303,90381,"Census Tract 5.01, District of Columbia, District of Columbia",1888,1.86,2.50,3507,92.0,"Census Tract 5.01, District of Columbia, District of Columbia",2194,1888,2194,130,335,1553
1400000US11001000502,"Census Tract 5.02, District of Columbia, District of Columbia",3371,44.5,39.2,14.6,78.2,1.6,0.0,3.3,0.3,0.0,"Census Tract 5.02, District of Columbia, District of Columbia",2.7,26.9,142750,111466,"Census Tract 5.02, District of Columbia, District of Columbia",1569,2.15,2.82,3371,88.6,"Census Tract 5.02, District of Columbia, District of Columbia",1768,1569,1768,0,870,699
1400000US11001000600,"Census Tract 6, District of Columbia, District of Columbia",4969,46.1,45.2,14.9,70.7,6.8,0.0,5.9,0.0,0.0,"Census Tract 6, District of Columbia, District of Columbia",0.7,28.7,177759,120324,"Census Tract 6, District of Columbia, District of Columbia",2170,2.20,2.96,4769,88.2,"Census Tract 6, District of Columbia, District of Columbia",2291,2170,2291,0,1582,588
1400000US11001000701,"Census Tract 7.01, District of Columbia, District of Columbia",5873,45.7,47.6,5.7,73.8,9.4,0.9,7.2,0.0,0.0,"Census Tract 7.01, District of Columbia, District of Columbia",1.5,27.7,98750,89568,"Census Tract 7.01, District of Columbia, District of Columbia",3388,1.73,2.57,5868,92.7,"Census Tract 7.01, District of Columbia, District of Columbia",3539,3388,3539,0,1949,1439
1400000US11001000702,"Census Tract 7.02, District of Columbia, District of Columbia",3355,43.3,34.5,11.4,67.1,6.5,0.0,9.3,0.0,2.7,"Census Tract 7.02, District of Columbia, District of Columbia",6.5,30.5,69292,56173,"Census Tract 7.02, District of Columbia, District of Columbia",2238,1.50,2.35,3355,73.8,"Census Tract 7.02, District of Columbia, District of Columbia",2378,2238,2378,0,523,1715
1400000US11001000801,"Census Tract 8.01, District of Columbia, District of Columbia",6426,41.1,40.0,11.5,70.0,8.3,0.0,5.9,0.0,0.2,"Census Tract 8.01, District of Columbia, District of Columbia",6.9,28.3,144922,92306,"Census Tract 8.01, District of Columbia, District of Columbia",2684,2.24,3.12,6002,86.8,"Census Tract 8.01, District of Columbia, District of Columbia",2926,2684,2926,0,2293,391
1400000US11001000802,"Census Tract 8.02, District of Columbia, District of Columbia",3567,47.6,34.0,16.3,64.8,7.4,0.0,8.2,0.0,0.0,"Census Tract 8.02, District of Columbia, District of Columbia",1.6,23.5,114091,78504,"Census Tract 8.02, District of Columbia, District of Columbia",1374,2.60,2.96,3567,87.4,"Census Tract 8.02, District of Columbia, District of Columbia",1475,1374,1475,15,827,547
1400000US11001000901,"Census Tract 9.01, District of Columbia, District of Columbia",7448,43.2,20.2,13.5,69.5,7.0,0.3,7.1,0.0,0.1,"Census Tract 9.01, District of Columbia, District of Columbia",3.6,24.2,"250,000+",81382,"Census Tract 9.01, District of Columbia, District of Columbia",1545,2.80,3.09,4321,85.8,"Census Tract 9.01, District of Columbia, District of Columbia",1637,1545,1637,17,1263,282
1400000US11001000902,"Census Tract 9.02, District of Columbia, District of Columbia",2564,49.7,43.0,15.7,73.0,3.4,0.0,2.2,0.0,0.0,"Census Tract 9.02, District of Columbia, District of Columbia",2.0,25.0,217708,122042,"Census Tract 9.02, District of Columbia, District of Columbia",849,3.01,3.27,2558,87.7,"Census Tract 9.02, District of Columbia, District of Columbia",880,849,880,21,756,93
1400000US11001001001,"Census Tract 10.01, District of Columbia, District of Columbia",7742,48.6,42.8,8.7,76.1,3.9,0.0,5.5,0.0,0.2,"Census Tract 10.01, District of Columbia, District of Columbia",1.2,30.2,179762,83731,"Census Tract 10.01, District of Columbia, District of Columbia",2818,2.67,3.11,7532,90.6,"Census Tract 10.01, District of Columbia, District of Columbia",2838,2818,2838,0,2169,649
1400000US11001001002,"Census Tract 10.02, District of Columbia, District of Columbia",3519,41.4,29.6,15.4,65.9,5.5,0.0,7.3,0.0,0.7,"Census Tract 10.02, District of Columbia, District of Columbia",6.1,28.8,102479,78905,"Census Tract 10.02, District of Columbia, District of Columbia",1907,1.85,2.81,3519,83.0,"Census Tract 10.02, District of Columbia, District of Columbia",2185,1907,2185,41,725,1182
1400000US11001001100,"Census Tract 11, District of Columbia, District of Columbia",5110,43.3,43.1,8.6,76.5,5.6,0.5,5.3,0.3,0.0,"Census Tract 11, District of Columbia, District of Columbia",2.9,31.1,147727,97462,"Census Tract 11, District of Columbia, District of Columbia",2088,2.41,2.98,5040,87.8,"Census Tract 11, District of Columbia, District of Columbia",2255,2088,2255,0,1409,679
1400000US11001001200,"Census Tract 12, District of Columbia, District of Columbia",5247,47.7,38.4,9.7,73.7,5.7,0.0,5.0,0.0,0.0,"Census Tract 12, District of Columbia, District of Columbia",2.1,29.9,126250,84450,"Census Tract 12, District of Columbia, District of Columbia",2498,2.09,2.89,5217,86.3,"Census Tract 12, District of Columbia, District of Columbia",2585,2498,2585,0,1364,1134
1400000US11001001301,"Census Tract 13.01, District of Columbia, District of Columbia",4133,46.3,35.0,6.1,68.2,14.0,0.0,10.9,0.0,0.0,"Census Tract 13.01, District of Columbia, District of Columbia",4.4,30.7,127000,90159,"Census Tract 13.01, District of Columbia, District of Columbia",1916,2.10,2.81,4030,89.2,"Census Tract 13.01, District of Columbia, District of Columbia",2042,1916,2042,0,664,1252
1400000US11001001302,"Census Tract 13.02, District of Columbia, District of Columbia",7623,42.1,36.6,11.4,72.3,7.0,0.0,7.1,0.0,0.3,"Census Tract 13.02, District of Columbia, District of Columbia",2.4,29.6,107256,90191,"Census Tract 13.02, District of Columbia, District of Columbia",4811,1.58,2.26,7623,84.9,"Census Tract 13.02, District of Columbia, District of Columbia",5203,4811,5203,77,1556,3255
1400000US11001001401,"Census Tract 14.01, District of Columbia, District of Columbia",3548,46.0,38.3,10.4,67.6,7.6,0.2,11.3,0.0,0.4,"Census Tract 14.01, District of Columbia, District of Columbia",3.2,34.9,122419,93515,"Census Tract 14.01, District of Columbia, District of Columbia",1452,2.44,3.33,3540,90.8,"Census Tract 14.01, District of Columbia, District of Columbia",1481,1452,1481,0,823,629
1400000US11001001402,"Census Tract 14.02, District of Columbia, District of Columbia",3443,45.6,42.6,17.9,61.5,8.3,0.0,8.8,0.5,0.3,"Census Tract 14.02, District of Columbia, District of Columbia",2.0,28.8,113991,81122,"Census Tract 14.02, District of Columbia, District of Columbia",1530,2.22,3.14,3392,75.8,"Census Tract 14.02, District of Columbia, District of Columbia",1599,1530,1599,150,764,766
1400000US11001001500,"Census Tract 15, District of Columbia, District of Columbia",6186,54.7,46.1,9.3,80.7,5.8,0.0,1.3,0.0,0.0,"Census Tract 15, District of Columbia, District of Columbia",3.4,31.3,202431,82877,"Census Tract 15, District of Columbia, District of Columbia",2123,2.82,3.30,5991,87.7,"Census Tract 15, District of Columbia, District of Columbia",2139,2123,2139,0,1871,252
1400000US11001001600,"Census Tract 16, District of Columbia, District of Columbia",4688,46.7,44.6,8.0,28.8,58.3,0.0,2.1,0.0,0.0,"Census Tract 16, District of Columbia, District of Columbia",2.6,34.7,169044,70666,"Census Tract 16, District of Columbia, District of Columbia",1530,3.02,3.60,4628,76.7,"Census Tract 16, District of Columbia, District of Columbia",1666,1530,1666,50,1400,130
1400000US11001001702,"Census Tract 17.02, District of Columbia, District of Columbia",3346,45.8,40.9,15.5,40.6,39.2,0.0,1.3,0.0,0.3,"Census Tract 17.02, District of Columbia, District of Columbia",4.9,33.8,84924,63068,"Census Tract 17.02, District of Columbia, District of Columbia",1488,2.21,3.14,3287,67.8,"Census Tract 17.02, District of Columbia, District of Columbia",1563,1488,1563,117,902,586
1400000US11001001803,"Census Tract 18.03, District of Columbia, District of Columbia",4328,50.8,34.5,35.5,4.5,58.6,0.0,0.2,0.0,0.2,"Census Tract 18.03, District of Columbia, District of Columbia",4.0,34.0,52606,22664,"Census Tract 18.03, District of Columbia, District of Columbia",1572,2.75,3.64,4325,25.8,"Census Tract 18.03, District of Columbia, District of Columbia",1715,1572,1715,0,272,1300
1400000US11001001804,"Census Tract 18.04, District of Columbia, District of Columbia",5879,48.5,36.1,28.7,4.8,62.7,0.0,0.9,0.0,2.3,"Census Tract 18.04, District of Columbia, District of Columbia",3.9,35.2,38564,25800,"Census Tract 18.04, District of Columbia, District of Columbia",2186,2.68,3.74,5849,29.7,"Census Tract 18.04, District of Columbia, District of Columbia",2248,2186,2248,0,514,1672
1400000US11001001901,"Census Tract 19.01, District of Columbia, District of Columbia",4315,47.3,36.7,19.9,16.1,59.6,0.0,2.7,0.0,0.5,"Census Tract 19.01, District of Columbia, District of Columbia",4.7,37.5,86927,39429,"Census Tract 19.01, District of Columbia, District of Columbia",1421,3.02,3.83,4295,51.6,"Census Tract 19.01, District of Columbia, District of Columbia",1633,1421,1633,0,1010,411
1400000US11001001902,"Census Tract 19.02, District of Columbia, District of Columbia",2605,47.5,42.2,19.0,14.0,62.4,0.3,0.6,0.0,0.0,"Census Tract 19.02, District of Columbia, District of Columbia",6.1,41.5,84615,39303,"Census Tract 19.02, District of Columbia, District of Columbia",842,3.08,3.78,2590,38.7,"Census Tract 19.02, District of Columbia, District of Columbia",871,842,871,0,675,167
1400000US11001002001,"Census Tract 20.01, District of Columbia, District of Columbia",3502,47.3,40.0,34.4,13.1,40.9,0.2,2.6,0.0,6.1,"Census Tract 20.01, District of Columbia, District of Columbia",3.2,33.0,63424,35039,"Census Tract 20.01, District of Columbia, District of Columbia",1061,3.21,4.19,3407,38.0,"Census Tract 20.01, District of Columbia, District of Columbia",1116,1061,1116,37,466,595
1400000US11001002002,"Census Tract 20.02, District of Columbia, District of Columbia",4304,52.3,35.0,19.5,18.5,56.6,0.3,2.3,0.0,1.3,"Census Tract 20.02, District of Columbia, District of Columbia",4.8,32.4,95469,47823,"Census Tract 20.02, District of Columbia, District of Columbia",1297,3.26,3.92,4226,51.6,"Census Tract 20.02, District of Columbia, District of Columbia",1453,1297,1453,0,867,430
1400000US11001002101,"Census Tract 21.01, District of Columbia, District of Columbia",5050,49.4,41.4,15.6,9.7,67.7,0.6,4.8,0.0,0.0,"Census Tract 21.01, District of Columbia, District of Columbia",3.2,31.3,62139,36099,"Census Tract 21.01, District of Columbia, District of Columbia",1864,2.71,3.82,5043,31.1,"Census Tract 21.01, District of Columbia, District of Columbia",2192,1864,2192,15,947,917
1400000US11001002102,"Census Tract 21.02, District of Columbia, District of Columbia",5223,48.3,40.6,18.5,11.5,66.0,0.8,0.8,0.0,0.0,"Census Tract 21.02, District of Columbia, District of Columbia",6.5,35.6,83167,40632,"Census Tract 21.02, District of Columbia, District of Columbia",1968,2.64,3.52,5199,52.2,"Census Tract 21.02, District of Columbia, District of Columbia",2205,1968,2205,0,1248,720
1400000US11001002201,"Census Tract 22.01, District of Columbia, District of Columbia",3169,49.4,41.1,15.6,23.5,54.0,1.1,2.6,0.0,0.0,"Census Tract 22.01, District of Columbia, District of Columbia",8.0,30.1,69643,44656,"Census Tract 22.01, District of Columbia, District of Columbia",1096,2.88,3.65,3154,43.2,"Census Tract 22.01, District of Columbia, District of Columbia",1164,1096,1164,0,930,166
1400000US11001002202,"Census Tract 22.02, District of Columbia, District of Columbia",3476,56.4,33.8,26.7,12.8,57.2,0.0,0.8,0.0,0.0,"Census Tract 22.02, District of Columbia, District of Columbia",5.1,37.2,63750,34911,"Census Tract 22.02, District of Columbia, District of Columbia",1226,2.82,3.72,3459,41.3,"Census Tract 22.02, District of Columbia, District of Columbia",1480,1226,1480,0,604,622
1400000US11001002301,"Census Tract 23.01, District of Columbia, District of Columbia",3599,49.2,39.3,17.5,26.6,49.6,0.0,1.9,0.0,1.0,"Census Tract 23.01, District of Columbia, District of Columbia",6.3,32.0,133672,53593,"Census Tract 23.01, District of Columbia, District of Columbia",1175,3.05,3.54,3583,53.0,"Census Tract 23.01, District of Columbia, District of Columbia",1241,1175,1241,0,910,265
1400000US11001002302,"Census Tract 23.02, District of Columbia, District of Columbia",1670,58.6,44.0,4.4,34.6,51.0,0.0,3.8,0.0,2.7,"Census Tract 23.02, District of Columbia, District of Columbia",2.8,33.7,53750,41204,"Census Tract 23.02, District of Columbia, District of Columbia",773,1.85,2.59,1429,53.4,"Census Tract 23.02, District of Columbia, District of Columbia",920,773,920,0,158,615
1400000US11001002400,"Census Tract 24, District of Columbia, District of Columbia",4206,43.6,35.9,16.6,34.3,44.9,0.0,1.9,0.0,0.2,"Census Tract 24, District of Columbia, District of Columbia",2.9,33.5,102424,47252,"Census Tract 24, District of Columbia, District of Columbia",1418,2.91,3.49,4131,59.1,"Census Tract 24, District of Columbia, District of Columbia",1529,1418,1529,20,860,558
1400000US11001002501,"Census Tract 25.01, District of Columbia, District of Columbia",3289,53.5,34.8,33.3,20.6,42.9,0.0,1.2,0.0,0.4,"Census Tract 25.01, District of Columbia, District of Columbia",1.3,36.7,79000,42212,"Census Tract 25.01, District of Columbia, District of Columbia",1040,3.12,3.52,3246,31.2,"Census Tract 25.01, District of Columbia, District of Columbia",1088,1040,1088,0,493,547
1400000US11001002502,"Census Tract 25.02, District of Columbia, District of Columbia",6451,52.4,34.7,35.3,22.9,33.6,0.0,3.4,0.0,0.0,"Census Tract 25.02, District of Columbia, District of Columbia",3.8,33.7,75101,44130,"Census Tract 25.02, District of Columbia, District of Columbia",2493,2.56,3.84,6380,42.4,"Census Tract 25.02, District of Columbia, District of Columbia",2645,2493,2645,64,910,1583
1400000US11001002600,"Census Tract 26, District of Columbia, District of Columbia",2585,46.5,42.7,7.5,45.6,36.9,0.3,6.0,0.6,0.6,"Census Tract 26, District of Columbia, District of Columbia",4.7,33.0,184750,85070,"Census Tract 26, District of Columbia, District of Columbia",944,2.73,3.16,2580,88.8,"Census Tract 26, District of Columbia, District of Columbia",999,944,999,0,647,297
1400000US11001002701,"Census Tract 27.01, District of Columbia, District of Columbia",6183,52.8,32.7,32.4,43.2,19.1,0.3,2.7,0.0,0.0,"Census Tract 27.01, District of Columbia, District of Columbia",2.3,32.4,74161,48730,"Census Tract 27.01, District of Columbia, District of Columbia",2653,2.27,3.55,6015,62.7,"Census Tract 27.01, District of Columbia, District of Columbia",2695,2653,2695,0,707,1946
1400000US11001002702,"Census Tract 27.02, District of Columbia, District of Columbia",6263,46.0,34.0,22.5,54.0,11.5,0.0,4.5,0.0,3.9,"Census Tract 27.02, District of Columbia, District of Columbia",3.2,29.9,93553,61434,"Census Tract 27.02, District of Columbia, District of Columbia",2420,2.58,3.07,6235,68.5,"Census Tract 27.02, District of Columbia, District of Columbia",2582,2420,2582,0,1052,1368
1400000US11001002801,"Census Tract 28.01, District of Columbia, District of Columbia",4151,51.0,29.5,35.3,27.9,31.6,0.0,3.1,0.0,0.0,"Census Tract 28.01, District of Columbia, District of Columbia",5.1,31.1,56310,37005,"Census Tract 28.01, District of Columbia, District of Columbia",1630,2.53,3.62,4120,47.6,"Census Tract 28.01, District of Columbia, District of Columbia",1805,1630,1805,0,262,1368
1400000US11001002802,"Census Tract 28.02, District of Columbia, District of Columbia",5172,45.6,31.0,35.5,30.6,22.4,0.0,6.8,0.0,0.8,"Census Tract 28.02, District of Columbia, District of Columbia",6.5,33.4,73889,44066,"Census Tract 28.02, District of Columbia, District of Columbia",2128,2.39,3.36,5080,56.5,"Census Tract 28.02, District of Columbia, District of Columbia",2180,2128,2180,32,437,1691
1400000US11001002900,"Census Tract 29, District of Columbia, District of Columbia",4424,49.3,31.2,29.0,39.0,24.7,0.0,3.5,0.0,0.0,"Census Tract 29, District of Columbia, District of Columbia",3.3,33.6,95052,53653,"Census Tract 29, District of Columbia, District of Columbia",1551,2.84,3.75,4409,61.9,"Census Tract 29, District of Columbia, District of Columbia",1696,1551,1696,16,715,836
1400000US11001003000,"Census Tract 30, District of Columbia, District of Columbia",3719,46.9,30.7,21.0,39.8,32.9,0.0,4.4,0.0,0.3,"Census Tract 30, District of Columbia, District of Columbia",4.2,31.8,93523,51823,"Census Tract 30, District of Columbia, District of Columbia",1428,2.57,3.31,3675,66.2,"Census Tract 30, District of Columbia, District of Columbia",1592,1428,1592,0,457,971
1400000US11001003100,"Census Tract 31, District of Columbia, District of Columbia",3409,51.5,33.6,31.5,29.7,29.4,1.0,5.6,0.0,0.0,"Census Tract 31, District of Columbia, District of Columbia",4.6,34.2,109000,54559,"Census Tract 31, District of Columbia, District of Columbia",1306,2.61,3.65,3409,58.9,"Census Tract 31, District of Columbia, District of Columbia",1378,1306,1378,37,681,625
1400000US11001003200,"Census Tract 32, District of Columbia, District of Columbia",5486,46.9,32.3,19.2,26.3,48.6,0.0,5.0,0.0,0.0,"Census Tract 32, District of Columbia, District of Columbia",8.9,34.7,101012,44677,"Census Tract 32, District of Columbia, District of Columbia",1655,3.30,3.94,5457,46.5,"Census Tract 32, District of Columbia, District of Columbia",1914,1655,1914,22,965,690
1400000US11001003301,"Census Tract 33.01, District of Columbia, District of Columbia",4219,46.9,33.2,5.6,43.9,42.1,0.0,4.6,0.0,0.0,"Census Tract 33.01, District of Columbia, District of Columbia",3.7,32.4,123868,64867,"Census Tract 33.01, District of Columbia, District of Columbia",1582,2.66,3.09,4206,78.0,"Census Tract 33.01, District of Columbia, District of Columbia",1717,1582,1717,6,1087,495
1400000US11001003302,"Census Tract 33.02, District of Columbia, District of Columbia",2308,42.3,32.8,4.8,48.9,36.4,0.2,5.3,0.0,1.0,"Census Tract 33.02, District of Columbia, District of Columbia",3.2,32.5,127336,68371,"Census Tract 33.02, District of Columbia, District of Columbia",911,2.49,2.81,2272,80.5,"Census Tract 33.02, District of Columbia, District of Columbia",1036,911,1036,0,517,394
1400000US11001003400,"Census Tract 34, District of Columbia, District of Columbia",4911,43.1,21.6,6.0,27.8,59.3,0.0,3.4,0.1,0.4,"Census Tract 34, District of Columbia, District of Columbia",3.2,31.4,91761,29083,"Census Tract 34, District of Columbia, District of Columbia",1007,2.76,3.14,2776,62.7,"Census Tract 34, District of Columbia, District of Columbia",1374,1007,1374,0,378,629
1400000US11001003500,"Census Tract 35, District of Columbia, District of Columbia",5173,44.0,23.3,6.6,20.8,65.4,0.5,4.0,0.0,0.9,"Census Tract 35, District of Columbia, District of Columbia",4.4,26.9,91638,28822,"Census Tract 35, District of Columbia, District of Columbia",1184,2.28,3.44,2704,61.8,"Census Tract 35, District of Columbia, District of Columbia",1265,1184,1265,174,404,780
1400000US11001003600,"Census Tract 36, District of Columbia, District of Columbia",4904,52.3,32.2,18.2,42.5,24.2,0.0,11.3,0.0,0.0,"Census Tract 36, District of Columbia, District of Columbia",2.4,30.4,100417,59771,"Census Tract 36, District of Columbia, District of Columbia",2064,2.30,3.04,4747,71.9,"Census Tract 36, District of Columbia, District of Columbia",2290,2064,2290,0,656,1408
1400000US11001003700,"Census Tract 37, District of Columbia, District of Columbia",5461,51.7,32.2,27.2,31.9,35.5,0.0,4.0,0.0,0.0,"Census Tract 37, District of Columbia, District of Columbia",4.8,27.5,74980,46694,"Census Tract 37, District of Columbia, District of Columbia",2657,2.01,2.76,5343,52.5,"Census Tract 37, District of Columbia, District of Columbia",3011,2657,3011,0,605,2052
1400000US11001003800,"Census Tract 38, District of Columbia, District of Columbia",5140,53.0,34.4,22.7,48.9,17.9,0.7,5.8,0.4,1.0,"Census Tract 38, District of Columbia, District of Columbia",1.4,32.3,101627,78588,"Census Tract 38, District of Columbia, District of Columbia",2811,1.80,3.08,5070,73.4,"Census Tract 38, District of Columbia, District of Columbia",3017,2811,3017,59,748,2063
1400000US11001003900,"Census Tract 39, District of Columbia, District of Columbia",4585,49.2,36.5,10.4,70.4,10.4,0.0,6.6,0.0,0.4,"Census Tract 39, District of Columbia, District of Columbia",2.5,30.9,105250,74560,"Census Tract 39, District of Columbia, District of Columbia",2757,1.64,2.27,4524,85.2,"Census Tract 39, District of Columbia, District of Columbia",2953,2757,2953,88,1006,1751
1400000US11001004001,"Census Tract 40.01, District of Columbia, District of Columbia",4884,57.8,33.9,12.7,76.2,6.6,0.0,2.1,0.7,0.0,"Census Tract 40.01, District of Columbia, District of Columbia",4.4,29.4,138804,94229,"Census Tract 40.01, District of Columbia, District of Columbia",2220,2.20,2.60,4884,90.5,"Census Tract 40.01, District of Columbia, District of Columbia",2386,2220,2386,0,1045,1175
1400000US11001004002,"Census Tract 40.02, District of Columbia, District of Columbia",3048,48.9,35.2,6.8,82.1,3.9,0.0,5.9,0.0,0.4,"Census Tract 40.02, District of Columbia, District of Columbia",2.6,30.3,117045,87101,"Census Tract 40.02, District of Columbia, District of Columbia",1754,1.74,2.33,3048,94.4,"Census Tract 40.02, District of Columbia, District of Columbia",1990,1754,1990,11,769,985
1400000US11001004100,"Census Tract 41, District of Columbia, District of Columbia",2541,49.2,46.8,8.5,75.9,4.2,0.0,7.2,0.0,0.7,"Census Tract 41, District of Columbia, District of Columbia",2.3,24.6,156486,134011,"Census Tract 41, District of Columbia, District of Columbia",1398,1.81,2.44,2529,92.5,"Census Tract 41, District of Columbia, District of Columbia",1629,1398,1629,9,721,677
1400000US11001004201,"Census Tract 42.01, District of Columbia, District of Columbia",3692,54.0,31.7,8.1,79.3,5.3,0.0,3.0,0.0,2.3,"Census Tract 42.01, District of Columbia, District of Columbia",1.7,27.2,123148,91108,"Census Tract 42.01, District of Columbia, District of Columbia",1998,1.85,2.72,3692,90.4,"Census Tract 42.01, District of Columbia, District of Columbia",2116,1998,2116,0,692,1306
1400000US11001004202,"Census Tract 42.02, District of Columbia, District of Columbia",2404,51.5,34.1,14.7,75.2,0.8,0.3,5.7,0.0,0.2,"Census Tract 42.02, District of Columbia, District of Columbia",3.2,22.9,105742,108931,"Census Tract 42.02, District of Columbia, District of Columbia",1621,1.42,2.26,2305,92.6,"Census Tract 42.02, District of Columbia, District of Columbia",1826,1621,1826,0,576,1045
1400000US11001004300,"Census Tract 43, District of Columbia, District of Columbia",4076,48.7,35.2,13.5,59.7,19.7,0.6,3.7,0.0,0.0,"Census Tract 43, District of Columbia, District of Columbia",2.4,27.0,97688,77882,"Census Tract 43, District of Columbia, District of Columbia",2221,1.84,2.86,4076,78.3,"Census Tract 43, District of Columbia, District of Columbia",2349,2221,2349,119,844,1377
1400000US11001004400,"Census Tract 44, District of Columbia, District of Columbia",5742,52.5,33.7,7.0,58.2,25.1,0.0,6.0,0.0,0.9,"Census Tract 44, District of Columbia, District of Columbia",4.3,26.8,179932,109033,"Census Tract 44, District of Columbia, District of Columbia",2790,2.04,2.85,5700,85.8,"Census Tract 44, District of Columbia, District of Columbia",3049,2790,3049,276,1566,1224
1400000US11001004600,"Census Tract 46, District of Columbia, District of Columbia",3031,52.1,34.9,8.6,39.0,44.9,0.0,5.6,0.0,0.0,"Census Tract 46, District of Columbia, District of Columbia",4.2,27.5,112000,64913,"Census Tract 46, District of Columbia, District of Columbia",1428,2.10,3.39,3002,60.8,"Census Tract 46, District of Columbia, District of Columbia",1490,1428,1490,50,753,675
1400000US11001004701,"Census Tract 47.01, District of Columbia, District of Columbia",4630,44.9,30.6,4.6,23.3,59.0,0.0,10.3,0.0,0.3,"Census Tract 47.01, District of Columbia, District of Columbia",7.1,26.6,48851,43736,"Census Tract 47.01, District of Columbia, District of Columbia",2482,1.86,3.13,4625,49.9,"Census Tract 47.01, District of Columbia, District of Columbia",2907,2482,2907,404,417,2065
1400000US11001004702,"Census Tract 47.02, District of Columbia, District of Columbia",3320,48.8,33.1,7.9,50.8,29.7,0.5,6.8,0.0,0.2,"Census Tract 47.02, District of Columbia, District of Columbia",2.8,25.6,107885,80643,"Census Tract 47.02, District of Columbia, District of Columbia",1800,1.65,2.58,2966,72.0,"Census Tract 47.02, District of Columbia, District of Columbia",1888,1800,1888,423,312,1488
1400000US11001004801,"Census Tract 48.01, District of Columbia, District of Columbia",2900,48.6,31.1,8.3,48.9,34.4,0.0,3.8,0.0,1.7,"Census Tract 48.01, District of Columbia, District of Columbia",2.3,28.7,115625,62710,"Census Tract 48.01, District of Columbia, District of Columbia",1191,2.36,3.20,2815,69.7,"Census Tract 48.01, District of Columbia, District of Columbia",1329,1191,1329,118,448,743
1400000US11001004802,"Census Tract 48.02, District of Columbia, District of Columbia",3777,52.0,33.6,7.4,36.4,42.9,0.0,11.1,0.0,0.3,"Census Tract 48.02, District of Columbia, District of Columbia",0.5,24.4,90000,56063,"Census Tract 48.02, District of Columbia, District of Columbia",1840,2.03,2.84,3735,54.3,"Census Tract 48.02, District of Columbia, District of Columbia",1941,1840,1941,0,316,1524
1400000US11001004901,"Census Tract 49.01, District of Columbia, District of Columbia",3115,56.8,32.4,17.8,43.4,32.4,0.0,3.9,0.0,0.4,"Census Tract 49.01, District of Columbia, District of Columbia",3.8,27.1,116964,68545,"Census Tract 49.01, District of Columbia, District of Columbia",1485,2.07,3.23,3078,68.9,"Census Tract 49.01, District of Columbia, District of Columbia",1576,1485,1576,372,300,1185
1400000US11001004902,"Census Tract 49.02, District of Columbia, District of Columbia",3256,46.2,31.9,20.1,40.4,23.9,1.9,9.2,0.0,0.2,"Census Tract 49.02, District of Columbia, District of Columbia",2.7,24.9,120054,68498,"Census Tract 49.02, District of Columbia, District of Columbia",1541,2.11,3.26,3256,70.1,"Census Tract 49.02, District of Columbia, District of Columbia",1611,1541,1611,87,548,993
1400000US11001005001,"Census Tract 50.01, District of Columbia, District of Columbia",2071,58.7,35.5,14.1,65.1,11.0,0.0,5.9,0.0,0.8,"Census Tract 50.01, District of Columbia, District of Columbia",2.9,26.4,145208,104236,"Census Tract 50.01, District of Columbia, District of Columbia",995,1.94,2.58,1930,83.3,"Census Tract 50.01, District of Columbia, District of Columbia",1059,995,1059,28,448,547
1400000US11001005002,"Census Tract 50.02, District of Columbia, District of Columbia",5860,54.2,34.1,23.4,43.4,21.2,0.5,8.2,0.3,0.2,"Census Tract 50.02, District of Columbia, District of Columbia",2.7,23.7,87361,70135,"Census Tract 50.02, District of Columbia, District of Columbia",3391,1.71,3.03,5782,68.2,"Census Tract 50.02, District of Columbia, District of Columbia",3665,3391,3665,0,824,2567
1400000US11001005201,"Census Tract 52.01, District of Columbia, District of Columbia",6285,49.8,33.3,14.3,67.2,10.5,1.4,5.2,0.0,0.4,"Census Tract 52.01, District of Columbia, District of Columbia",1.9,23.8,110441,93093,"Census Tract 52.01, District of Columbia, District of Columbia",4130,1.52,2.29,6285,81.8,"Census Tract 52.01, District of Columbia, District of Columbia",4474,4130,4474,59,1427,2703
1400000US11001005301,"Census Tract 53.01, District of Columbia, District of Columbia",5033,48.1,33.1,8.8,75.1,2.5,0.3,11.3,0.0,0.0,"Census Tract 53.01, District of Columbia, District of Columbia",2.0,25.4,94436,83422,"Census Tract 53.01, District of Columbia, District of Columbia",3463,1.45,2.45,5016,95.5,"Census Tract 53.01, District of Columbia, District of Columbia",3681,3463,3681,84,1330,2133
1400000US11001005500,"Census Tract 55, District of Columbia, District of Columbia",6901,50.7,35.1,8.2,74.6,6.5,0.0,9.2,0.0,0.0,"Census Tract 55, District of Columbia, District of Columbia",1.2,23.9,100982,85790,"Census Tract 55, District of Columbia, District of Columbia",4136,1.61,2.25,6645,90.3,"Census Tract 55, District of Columbia, District of Columbia",4667,4136,4667,30,1508,2628
1400000US11001005600,"Census Tract 56, District of Columbia, District of Columbia",6424,47.9,28.6,15.3,62.4,6.0,0.3,12.7,0.0,1.0,"Census Tract 56, District of Columbia, District of Columbia",2.5,22.2,83722,57772,"Census Tract 56, District of Columbia, District of Columbia",3137,1.54,2.41,4843,87.6,"Census Tract 56, District of Columbia, District of Columbia",4004,3137,4004,15,1290,1847
1400000US11001005800,"Census Tract 58, District of Columbia, District of Columbia",3395,50.1,42.7,9.2,61.8,9.0,0.0,16.6,0.0,0.0,"Census Tract 58, District of Columbia, District of Columbia",6.4,19.7,143268,110283,"Census Tract 58, District of Columbia, District of Columbia",2165,1.49,2.36,3228,81.6,"Census Tract 58, District of Columbia, District of Columbia",2728,2165,2728,297,684,1481
1400000US11001005900,"Census Tract 59, District of Columbia, District of Columbia",2499,53.1,27.7,8.4,50.9,22.5,0.0,13.1,0.0,1.4,"Census Tract 59, District of Columbia, District of Columbia",5.4,24.7,92000,54657,"Census Tract 59, District of Columbia, District of Columbia",1222,1.69,2.62,2061,74.6,"Census Tract 59, District of Columbia, District of Columbia",1521,1222,1521,0,180,1042
1400000US11001006202,"Census Tract 62.02, District of Columbia, District of Columbia",60,65.0,-,0.0,100.0,0.0,0.0,0.0,0.0,0.0,"Census Tract 62.02, District of Columbia, District of Columbia",0.0,N,-,N,"Census Tract 62.02, District of Columbia, District of Columbia",39,1.54,-,60,100.0,"Census Tract 62.02, District of Columbia, District of Columbia",39,39,39,0,0,39
1400000US11001006400,"Census Tract 64, District of Columbia, District of Columbia",2569,45.2,34.8,4.2,19.5,74.3,0.0,1.2,0.0,0.0,"Census Tract 64, District of Columbia, District of Columbia",10.0,27.0,30991,36971,"Census Tract 64, District of Columbia, District of Columbia",1298,1.98,2.85,2569,35.8,"Census Tract 64, District of Columbia, District of Columbia",1425,1298,1425,0,221,1077
1400000US11001006500,"Census Tract 65, District of Columbia, District of Columbia",2760,50.4,32.4,9.6,77.1,11.1,0.0,0.2,0.0,0.1,"Census Tract 65, District of Columbia, District of Columbia",4.0,20.6,126964,73078,"Census Tract 65, District of Columbia, District of Columbia",1161,2.22,2.84,2572,87.3,"Census Tract 65, District of Columbia, District of Columbia",1472,1161,1472,0,542,619
1400000US11001006600,"Census Tract 66, District of Columbia, District of Columbia",2061,47.6,41.4,2.9,85.7,1.8,0.0,3.7,0.0,0.0,"Census Tract 66, District of Columbia, District of Columbia",2.0,28.2,132396,74167,"Census Tract 66, District of Columbia, District of Columbia",1003,2.04,2.71,2050,90.6,"Census Tract 66, District of Columbia, District of Columbia",1115,1003,1115,0,621,382
1400000US11001006700,"Census Tract 67, District of Columbia, District of Columbia",4404,49.9,36.8,5.3,76.1,12.1,0.0,4.1,0.0,0.4,"Census Tract 67, District of Columbia, District of Columbia",1.0,31.5,142813,81561,"Census Tract 67, District of Columbia, District of Columbia",1786,2.46,2.87,4386,89.5,"Census Tract 67, District of Columbia, District of Columbia",1927,1786,1927,0,1126,660
1400000US11001006801,"Census Tract 68.01, District of Columbia, District of Columbia",2380,45.9,35.4,6.1,48.9,37.1,0.0,3.7,0.0,0.5,"Census Tract 68.01, District of Columbia, District of Columbia",5.0,30.1,100880,53431,"Census Tract 68.01, District of Columbia, District of Columbia",951,2.42,3.03,2306,68.6,"Census Tract 68.01, District of Columbia, District of Columbia",1082,951,1082,57,523,428
1400000US11001006802,"Census Tract 68.02, District of Columbia, District of Columbia",2578,47.1,34.2,3.3,63.3,29.2,0.0,1.3,0.0,0.0,"Census Tract 68.02, District of Columbia, District of Columbia",2.5,30.5,166000,70914,"Census Tract 68.02, District of Columbia, District of Columbia",1044,2.45,3.00,2555,80.3,"Census Tract 68.02, District of Columbia, District of Columbia",1077,1044,1077,33,750,294
1400000US11001006804,"Census Tract 68.04, District of Columbia, District of Columbia",2654,91.4,33.3,6.9,7.1,83.6,0.6,0.0,0.0,0.0,"Census Tract 68.04, District of Columbia, District of Columbia",2.1,27.4,158750,8739,"Census Tract 68.04, District of Columbia, District of Columbia",32,4.03,3.83,129,8.2,"Census Tract 68.04, District of Columbia, District of Columbia",32,32,32,0,32,0
1400000US11001006900,"Census Tract 69, District of Columbia, District of Columbia",2582,44.8,37.0,5.8,70.4,17.0,0.0,0.6,0.0,0.0,"Census Tract 69, District of Columbia, District of Columbia",0.9,27.6,163125,84421,"Census Tract 69, District of Columbia, District of Columbia",1168,2.20,2.97,2569,82.2,"Census Tract 69, District of Columbia, District of Columbia",1257,1168,1257,9,688,480
1400000US11001007000,"Census Tract 70, District of Columbia, District of Columbia",2725,56.2,31.5,11.4,71.8,6.3,0.0,2.2,0.0,1.2,"Census Tract 70, District of Columbia, District of Columbia",3.7,19.7,143875,74414,"Census Tract 70, District of Columbia, District of Columbia",1065,2.16,2.84,2296,88.6,"Census Tract 70, District of Columbia, District of Columbia",1205,1065,1205,0,548,517
1400000US11001007100,"Census Tract 71, District of Columbia, District of Columbia",3279,47.6,31.0,5.1,29.2,59.3,0.0,4.2,0.0,0.0,"Census Tract 71, District of Columbia, District of Columbia",11.1,28.5,70000,42791,"Census Tract 71, District of Columbia, District of Columbia",1276,2.56,3.63,3270,49.9,"Census Tract 71, District of Columbia, District of Columbia",1400,1276,1400,17,504,772
1400000US11001007200,"Census Tract 72, District of Columbia, District of Columbia",5807,48.0,31.7,5.8,63.8,22.6,0.0,4.3,0.0,0.0,"Census Tract 72, District of Columbia, District of Columbia",3.9,26.9,115667,75969,"Census Tract 72, District of Columbia, District of Columbia",3178,1.80,2.74,5729,85.8,"Census Tract 72, District of Columbia, District of Columbia",3493,3178,3493,728,551,2627
1400000US11001007301,"Census Tract 73.01, District of Columbia, District of Columbia",4746,54.0,24.0,15.0,51.2,25.6,0.1,2.3,0.0,0.6,"Census Tract 73.01, District of Columbia, District of Columbia",2.1,16.0,88015,31918,"Census Tract 73.01, District of Columbia, District of Columbia",1280,3.27,3.50,4180,60.4,"Census Tract 73.01, District of Columbia, District of Columbia",1383,1280,1383,10,0,1280
1400000US11001007304,"Census Tract 73.04, District of Columbia, District of Columbia",3913,39.8,32.5,2.6,3.7,92.9,0.0,0.0,0.0,0.0,"Census Tract 73.04, District of Columbia, District of Columbia",10.6,30.7,31514,18101,"Census Tract 73.04, District of Columbia, District of Columbia",1231,2.98,3.83,3666,12.4,"Census Tract 73.04, District of Columbia, District of Columbia",1478,1231,1478,0,291,940
1400000US11001007401,"Census Tract 74.01, District of Columbia, District of Columbia",1876,39.2,27.5,2.5,2.2,92.3,0.0,1.4,0.0,1.5,"Census Tract 74.01, District of Columbia, District of Columbia",13.5,39.4,13750,9761,"Census Tract 74.01, District of Columbia, District of Columbia",751,2.46,3.31,1849,7.6,"Census Tract 74.01, District of Columbia, District of Columbia",1121,751,1121,14,95,656
1400000US11001007403,"Census Tract 74.03, District of Columbia, District of Columbia",2790,44.7,29.6,0.0,1.7,96.7,0.0,0.0,0.0,1.5,"Census Tract 74.03, District of Columbia, District of Columbia",4.8,36.5,26419,19422,"Census Tract 74.03, District of Columbia, District of Columbia",1054,2.65,3.50,2790,6.9,"Census Tract 74.03, District of Columbia, District of Columbia",1163,1054,1163,65,79,975
1400000US11001007404,"Census Tract 74.04, District of Columbia, District of Columbia",3947,47.8,27.3,4.6,2.0,90.8,0.0,0.2,0.0,2.3,"Census Tract 74.04, District of Columbia, District of Columbia",6.1,32.3,52100,25826,"Census Tract 74.04, District of Columbia, District of Columbia",1140,3.45,4.21,3937,16.5,"Census Tract 74.04, District of Columbia, District of Columbia",1366,1140,1366,30,357,783
1400000US11001007406,"Census Tract 74.06, District of Columbia, District of Columbia",3474,36.4,21.3,7.9,0.1,89.8,0.0,0.0,0.3,0.0,"Census Tract 74.06, District of Columbia, District of Columbia",6.6,37.1,23542,11534,"Census Tract 74.06, District of Columbia, District of Columbia",1002,3.46,4.21,3470,10.4,"Census Tract 74.06, District of Columbia, District of Columbia",1211,1002,1211,24,67,935
1400000US11001007407,"Census Tract 74.07, District of Columbia, District of Columbia",3164,39.1,32.3,1.8,1.6,96.6,0.0,0.0,0.0,0.0,"Census Tract 74.07, District of Columbia, District of Columbia",8.3,27.9,40079,39669,"Census Tract 74.07, District of Columbia, District of Columbia",1398,2.26,3.30,3164,18.5,"Census Tract 74.07, District of Columbia, District of Columbia",1527,1398,1527,73,593,805
1400000US11001007408,"Census Tract 74.08, District of Columbia, District of Columbia",3423,53.1,30.3,0.6,2.0,90.6,2.2,0.0,0.0,4.6,"Census Tract 74.08, District of Columbia, District of Columbia",10.4,36.4,22879,12253,"Census Tract 74.08, District of Columbia, District of Columbia",1029,2.62,3.61,2691,9.3,"Census Tract 74.08, District of Columbia, District of Columbia",1311,1029,1311,0,130,899
1400000US11001007409,"Census Tract 74.09, District of Columbia, District of Columbia",4392,39.6,26.9,4.2,0.8,89.3,0.0,2.4,0.0,0.0,"Census Tract 74.09, District of Columbia, District of Columbia",16.2,36.4,37153,17534,"Census Tract 74.09, District of Columbia, District of Columbia",1532,2.87,3.49,4392,13.2,"Census Tract 74.09, District of Columbia, District of Columbia",1634,1532,1634,0,310,1222
1400000US11001007502,"Census Tract 75.02, District of Columbia, District of Columbia",5342,42.6,34.1,0.0,1.1,98.5,0.0,0.0,0.0,0.0,"Census Tract 75.02, District of Columbia, District of Columbia",8.9,33.4,27004,16801,"Census Tract 75.02, District of Columbia, District of Columbia",1776,2.74,3.88,4869,16.0,"Census Tract 75.02, District of Columbia, District of Columbia",2091,1776,2091,0,331,1445
1400000US11001007503,"Census Tract 75.03, District of Columbia, District of Columbia",2552,43.1,27.7,1.3,5.0,93.3,0.0,0.0,0.0,0.0,"Census Tract 75.03, District of Columbia, District of Columbia",7.7,30.9,27206,16721,"Census Tract 75.03, District of Columbia, District of Columbia",912,2.73,3.77,2487,18.8,"Census Tract 75.03, District of Columbia, District of Columbia",1048,912,1048,0,324,588
1400000US11001007504,"Census Tract 75.04, District of Columbia, District of Columbia",2796,48.4,29.8,0.4,0.5,99.1,0.0,0.0,0.0,0.0,"Census Tract 75.04, District of Columbia, District of Columbia",9.4,37.3,17147,23256,"Census Tract 75.04, District of Columbia, District of Columbia",1110,2.49,3.80,2762,12.6,"Census Tract 75.04, District of Columbia, District of Columbia",1342,1110,1342,32,216,894
1400000US11001007601,"Census Tract 76.01, District of Columbia, District of Columbia",4965,44.6,38.9,5.0,7.6,86.5,0.0,0.2,0.0,0.0,"Census Tract 76.01, District of Columbia, District of Columbia",7.7,34.7,36195,27944,"Census Tract 76.01, District of Columbia, District of Columbia",2139,2.27,3.40,4860,22.1,"Census Tract 76.01, District of Columbia, District of Columbia",2364,2139,2364,9,802,1337
1400000US11001007603,"Census Tract 76.03, District of Columbia, District of Columbia",4530,45.4,43.7,7.7,6.7,84.8,0.0,0.6,0.0,0.0,"Census Tract 76.03, District of Columbia, District of Columbia",2.0,36.7,47645,33957,"Census Tract 76.03, District of Columbia, District of Columbia",2244,2.01,4.00,4513,36.2,"Census Tract 76.03, District of Columbia, District of Columbia",2412,2244,2412,0,1066,1178
1400000US11001007604,"Census Tract 76.04, District of Columbia, District of Columbia",4522,46.4,40.1,4.0,4.4,87.0,0.8,0.4,0.0,0.4,"Census Tract 76.04, District of Columbia, District of Columbia",9.7,31.0,64193,39003,"Census Tract 76.04, District of Columbia, District of Columbia",1818,2.47,3.60,4494,26.7,"Census Tract 76.04, District of Columbia, District of Columbia",2021,1818,2021,0,564,1254
1400000US11001007605,"Census Tract 76.05, District of Columbia, District of Columbia",3933,43.4,38.1,6.9,5.4,84.7,0.0,1.3,0.0,0.0,"Census Tract 76.05, District of Columbia, District of Columbia",10.3,32.0,40239,25706,"Census Tract 76.05, District of Columbia, District of Columbia",1597,2.38,3.36,3802,23.4,"Census Tract 76.05, District of Columbia, District of Columbia",1844,1597,1844,37,336,1261
1400000US11001007703,"Census Tract 77.03, District of Columbia, District of Columbia",6682,50.1,26.3,4.8,0.0,94.4,0.3,0.4,0.0,0.0,"Census Tract 77.03, District of Columbia, District of Columbia",11.2,29.1,27879,16994,"Census Tract 77.03, District of Columbia, District of Columbia",2190,3.04,4.20,6663,6.0,"Census Tract 77.03, District of Columbia, District of Columbia",2474,2190,2474,0,306,1884
1400000US11001007707,"Census Tract 77.07, District of Columbia, District of Columbia",4787,47.8,32.2,1.7,1.0,96.0,0.0,0.0,0.0,0.0,"Census Tract 77.07, District of Columbia, District of Columbia",6.3,34.9,40168,21582,"Census Tract 77.07, District of Columbia, District of Columbia",1591,2.99,3.93,4762,14.5,"Census Tract 77.07, District of Columbia, District of Columbia",1781,1591,1781,8,762,829
1400000US11001007708,"Census Tract 77.08, District of Columbia, District of Columbia",3055,42.5,34.3,0.0,0.0,100.0,0.0,0.0,0.0,0.0,"Census Tract 77.08, District of Columbia, District of Columbia",9.1,35.1,34167,18448,"Census Tract 77.08, District of Columbia, District of Columbia",1122,2.71,3.51,3036,1.1,"Census Tract 77.08, District of Columbia, District of Columbia",1318,1122,1318,0,186,936
1400000US11001007709,"Census Tract 77.09, District of Columbia, District of Columbia",2410,47.5,39.4,2.9,0.8,92.1,0.3,0.0,0.0,0.0,"Census Tract 77.09, District of Columbia, District of Columbia",11.6,35.0,29717,22441,"Census Tract 77.09, District of Columbia, District of Columbia",1045,2.28,3.36,2383,18.6,"Census Tract 77.09, District of Columbia, District of Columbia",1173,1045,1173,0,168,877
1400000US11001007803,"Census Tract 78.03, District of Columbia, District of Columbia",4232,48.8,33.8,7.9,2.4,87.9,0.6,0.2,0.0,0.5,"Census Tract 78.03, District of Columbia, District of Columbia",10.7,35.1,40933,29087,"Census Tract 78.03, District of Columbia, District of Columbia",1771,2.36,3.68,4184,19.9,"Census Tract 78.03, District of Columbia, District of Columbia",2026,1771,2026,208,650,1121
1400000US11001007804,"Census Tract 78.04, District of Columbia, District of Columbia",3833,43.0,34.0,0.7,1.0,94.9,0.0,0.4,0.0,0.0,"Census Tract 78.04, District of Columbia, District of Columbia",4.6,34.9,53426,23277,"Census Tract 78.04, District of Columbia, District of Columbia",1224,2.85,3.72,3493,22.5,"Census Tract 78.04, District of Columbia, District of Columbia",1497,1224,1497,50,500,724
1400000US11001007806,"Census Tract 78.06, District of Columbia, District of Columbia",2447,45.9,38.0,0.2,1.6,96.9,1.3,0.0,0.0,0.0,"Census Tract 78.06, District of Columbia, District of Columbia",13.2,37.1,36894,24627,"Census Tract 78.06, District of Columbia, District of Columbia",1026,2.36,3.58,2424,21.5,"Census Tract 78.06, District of Columbia, District of Columbia",1135,1026,1135,0,434,592
1400000US11001007807,"Census Tract 78.07, District of Columbia, District of Columbia",2297,40.3,39.3,2.2,0.7,93.8,0.0,0.3,0.0,0.0,"Census Tract 78.07, District of Columbia, District of Columbia",15.3,43.5,38861,29461,"Census Tract 78.07, District of Columbia, District of Columbia",863,2.63,3.50,2266,13.6,"Census Tract 78.07, District of Columbia, District of Columbia",948,863,948,0,315,548
1400000US11001007808,"Census Tract 78.08, District of Columbia, District of Columbia",3939,42.1,30.8,2.0,0.0,96.1,0.7,0.3,0.0,0.0,"Census Tract 78.08, District of Columbia, District of Columbia",7.9,41.2,33568,21437,"Census Tract 78.08, District of Columbia, District of Columbia",1453,2.68,3.51,3897,22.5,"Census Tract 78.08, District of Columbia, District of Columbia",1727,1453,1727,0,692,761
1400000US11001007809,"Census Tract 78.09, District of Columbia, District of Columbia",3034,44.4,34.0,2.7,0.0,94.4,0.0,0.3,0.0,0.0,"Census Tract 78.09, District of Columbia, District of Columbia",10.5,42.3,51094,23375,"Census Tract 78.09, District of Columbia, District of Columbia",1147,2.62,3.58,3004,12.7,"Census Tract 78.09, District of Columbia, District of Columbia",1353,1147,1353,0,665,482
1400000US11001007901,"Census Tract 79.01, District of Columbia, District of Columbia",4193,47.1,33.0,2.7,23.8,68.7,0.6,0.5,0.0,2.1,"Census Tract 79.01, District of Columbia, District of Columbia",8.2,32.6,67122,33411,"Census Tract 79.01, District of Columbia, District of Columbia",1565,2.68,3.66,4193,41.9,"Census Tract 79.01, District of Columbia, District of Columbia",1847,1565,1847,26,606,959
1400000US11001007903,"Census Tract 79.03, District of Columbia, District of Columbia",1968,48.8,35.4,3.8,23.1,70.4,0.0,1.4,0.0,0.4,"Census Tract 79.03, District of Columbia, District of Columbia",4.5,35.6,85357,42658,"Census Tract 79.03, District of Columbia, District of Columbia",800,2.46,3.52,1968,51.5,"Census Tract 79.03, District of Columbia, District of Columbia",917,800,917,18,525,275
1400000US11001008001,"Census Tract 80.01, District of Columbia, District of Columbia",3308,46.8,34.9,3.9,63.5,24.5,0.0,3.3,0.0,0.3,"Census Tract 80.01, District of Columbia, District of Columbia",2.8,30.8,145641,65584,"Census Tract 80.01, District of Columbia, District of Columbia",1324,2.45,3.10,3248,77.7,"Census Tract 80.01, District of Columbia, District of Columbia",1445,1324,1445,0,984,340
1400000US11001008002,"Census Tract 80.02, District of Columbia, District of Columbia",3380,46.1,36.3,8.7,62.9,25.0,0.0,2.0,0.0,0.0,"Census Tract 80.02, District of Columbia, District of Columbia",1.0,28.6,114659,71684,"Census Tract 80.02, District of Columbia, District of Columbia",1552,2.13,3.01,3309,73.2,"Census Tract 80.02, District of Columbia, District of Columbia",1633,1552,1633,36,911,641
1400000US11001008100,"Census Tract 81, District of Columbia, District of Columbia",3450,49.6,36.3,7.3,74.8,11.0,0.2,3.3,0.0,0.7,"Census Tract 81, District of Columbia, District of Columbia",0.6,30.6,148333,82708,"Census Tract 81, District of Columbia, District of Columbia",1484,2.31,3.13,3426,82.0,"Census Tract 81, District of Columbia, District of Columbia",1569,1484,1569,0,827,657
1400000US11001008200,"Census Tract 82, District of Columbia, District of Columbia",3185,42.6,31.6,8.8,78.1,7.6,0.0,3.6,0.0,0.0,"Census Tract 82, District of Columbia, District of Columbia",3.6,26.1,130969,76837,"Census Tract 82, District of Columbia, District of Columbia",1348,2.17,2.89,2929,92.2,"Census Tract 82, District of Columbia, District of Columbia",1537,1348,1537,0,705,643
1400000US11001008301,"Census Tract 83.01, District of Columbia, District of Columbia",2366,51.2,31.8,4.4,81.6,9.6,0.0,2.4,0.0,0.3,"Census Tract 83.01, District of Columbia, District of Columbia",2.5,29.5,155069,76891,"Census Tract 83.01, District of Columbia, District of Columbia",1007,2.26,2.90,2280,89.4,"Census Tract 83.01, District of Columbia, District of Columbia",1298,1007,1298,238,553,454
1400000US11001008302,"Census Tract 83.02, District of Columbia, District of Columbia",2683,52.3,34.2,3.3,70.5,16.1,0.1,5.2,0.0,0.3,"Census Tract 83.02, District of Columbia, District of Columbia",0.5,29.9,143611,69256,"Census Tract 83.02, District of Columbia, District of Columbia",1046,2.44,3.02,2556,83.0,"Census Tract 83.02, District of Columbia, District of Columbia",1121,1046,1121,45,565,481
1400000US11001008402,"Census Tract 84.02, District of Columbia, District of Columbia",2240,42.1,35.4,6.8,61.0,26.1,0.0,1.1,0.0,0.0,"Census Tract 84.02, District of Columbia, District of Columbia",2.7,27.7,81789,64900,"Census Tract 84.02, District of Columbia, District of Columbia",1171,1.89,2.53,2219,75.2,"Census Tract 84.02, District of Columbia, District of Columbia",1279,1171,1279,117,511,660
1400000US11001008410,"Census Tract 84.10, District of Columbia, District of Columbia",1508,58.6,33.3,5.0,52.4,35.7,0.3,3.8,0.0,0.0,"Census Tract 84.10, District of Columbia, District of Columbia",3.1,33.3,153500,64418,"Census Tract 84.10, District of Columbia, District of Columbia",570,2.65,3.17,1508,75.8,"Census Tract 84.10, District of Columbia, District of Columbia",648,570,648,1,388,182
1400000US11001008701,"Census Tract 87.01, District of Columbia, District of Columbia",2424,50.9,33.4,9.1,37.7,49.4,0.0,2.7,0.0,0.0,"Census Tract 87.01, District of Columbia, District of Columbia",0.7,34.5,113224,60454,"Census Tract 87.01, District of Columbia, District of Columbia",877,2.65,3.32,2323,66.1,"Census Tract 87.01, District of Columbia, District of Columbia",1005,877,1005,0,531,346
1400000US11001008702,"Census Tract 87.02, District of Columbia, District of Columbia",3074,37.8,33.9,8.7,30.2,52.9,0.0,4.9,0.0,0.3,"Census Tract 87.02, District of Columbia, District of Columbia",5.5,32.3,79446,51224,"Census Tract 87.02, District of Columbia, District of Columbia",1495,2.02,3.27,3014,61.3,"Census Tract 87.02, District of Columbia, District of Columbia",1683,1495,1683,257,408,1087
1400000US11001008802,"Census Tract 88.02, District of Columbia, District of Columbia",4463,46.6,35.3,2.9,25.5,67.7,0.3,1.7,0.0,0.7,"Census Tract 88.02, District of Columbia, District of Columbia",6.5,29.1,67176,43436,"Census Tract 88.02, District of Columbia, District of Columbia",1791,2.47,3.53,4430,41.7,"Census Tract 88.02, District of Columbia, District of Columbia",2010,1791,2010,59,842,949
1400000US11001008803,"Census Tract 88.03, District of Columbia, District of Columbia",2778,55.3,26.6,12.4,23.4,59.5,0.0,1.9,0.4,0.2,"Census Tract 88.03, District of Columbia, District of Columbia",8.0,25.9,32250,16998,"Census Tract 88.03, District of Columbia, District of Columbia",683,2.26,3.75,1544,27.7,"Census Tract 88.03, District of Columbia, District of Columbia",824,683,824,64,111,572
1400000US11001008804,"Census Tract 88.04, District of Columbia, District of Columbia",2849,46.9,33.3,6.9,9.3,74.1,0.6,6.5,0.0,0.0,"Census Tract 88.04, District of Columbia, District of Columbia",6.4,36.2,42750,32164,"Census Tract 88.04, District of Columbia, District of Columbia",1236,2.28,3.51,2822,25.0,"Census Tract 88.04, District of Columbia, District of Columbia",1415,1236,1415,0,391,845
1400000US11001008903,"Census Tract 89.03, District of Columbia, District of Columbia",3342,50.2,31.1,4.1,15.2,76.7,0.0,2.7,0.0,0.2,"Census Tract 89.03, District of Columbia, District of Columbia",5.3,30.6,44174,27023,"Census Tract 89.03, District of Columbia, District of Columbia",1525,2.19,3.44,3342,41.8,"Census Tract 89.03, District of Columbia, District of Columbia",1751,1525,1751,83,267,1258
1400000US11001008904,"Census Tract 89.04, District of Columbia, District of Columbia",4065,46.2,33.9,11.8,5.9,78.8,0.0,0.6,0.0,0.0,"Census Tract 89.04, District of Columbia, District of Columbia",8.9,38.8,38277,24270,"Census Tract 89.04, District of Columbia, District of Columbia",1744,2.33,3.53,4065,20.5,"Census Tract 89.04, District of Columbia, District of Columbia",1995,1744,1995,0,177,1567
1400000US11001009000,"Census Tract 90, District of Columbia, District of Columbia",3680,37.8,45.6,8.9,6.0,83.9,0.0,0.4,0.8,0.0,"Census Tract 90, District of Columbia, District of Columbia",1.7,35.1,59487,45057,"Census Tract 90, District of Columbia, District of Columbia",2092,1.76,2.94,3680,45.9,"Census Tract 90, District of Columbia, District of Columbia",2137,2092,2137,50,1065,1027
1400000US11001009102,"Census Tract 91.02, District of Columbia, District of Columbia",4888,45.0,32.3,3.8,10.0,83.3,0.0,1.6,0.0,0.0,"Census Tract 91.02, District of Columbia, District of Columbia",8.0,32.2,43919,31955,"Census Tract 91.02, District of Columbia, District of Columbia",2042,2.34,3.73,4777,33.5,"Census Tract 91.02, District of Columbia, District of Columbia",2217,2042,2217,68,609,1433
1400000US11001009201,"Census Tract 92.01, District of Columbia, District of Columbia",3073,43.8,28.7,11.7,43.2,37.3,0.0,3.0,0.0,0.0,"Census Tract 92.01, District of Columbia, District of Columbia",4.0,26.2,82500,45211,"Census Tract 92.01, District of Columbia, District of Columbia",1058,2.35,3.24,2484,72.1,"Census Tract 92.01, District of Columbia, District of Columbia",1244,1058,1244,224,355,703
1400000US11001009203,"Census Tract 92.03, District of Columbia, District of Columbia",2998,43.8,37.3,9.2,16.8,68.2,1.1,0.3,0.0,0.6,"Census Tract 92.03, District of Columbia, District of Columbia",5.5,31.4,72750,41974,"Census Tract 92.03, District of Columbia, District of Columbia",1235,2.41,3.41,2975,51.0,"Census Tract 92.03, District of Columbia, District of Columbia",1329,1235,1329,0,668,567
1400000US11001009204,"Census Tract 92.04, District of Columbia, District of Columbia",2765,46.4,31.8,9.4,8.4,79.2,0.4,0.4,0.0,0.0,"Census Tract 92.04, District of Columbia, District of Columbia",9.7,34.2,21150,20821,"Census Tract 92.04, District of Columbia, District of Columbia",1331,2.07,3.15,2759,18.6,"Census Tract 92.04, District of Columbia, District of Columbia",1460,1331,1460,0,243,1088
1400000US11001009301,"Census Tract 93.01, District of Columbia, District of Columbia",3450,48.1,42.2,7.1,37.4,47.5,0.0,4.5,0.0,0.2,"Census Tract 93.01, District of Columbia, District of Columbia",6.3,29.0,97813,52240,"Census Tract 93.01, District of Columbia, District of Columbia",1182,2.82,3.50,3337,57.6,"Census Tract 93.01, District of Columbia, District of Columbia",1268,1182,1268,0,930,252
1400000US11001009302,"Census Tract 93.02, District of Columbia, District of Columbia",1427,48.0,40.0,15.2,26.5,57.0,0.0,0.0,0.0,0.0,"Census Tract 93.02, District of Columbia, District of Columbia",7.6,29.2,73603,46468,"Census Tract 93.02, District of Columbia, District of Columbia",545,2.60,3.16,1417,47.3,"Census Tract 93.02, District of Columbia, District of Columbia",577,545,577,34,371,174
1400000US11001009400,"Census Tract 94, District of Columbia, District of Columbia",4806,46.6,41.5,3.7,13.8,76.4,0.7,2.1,0.0,0.5,"Census Tract 94, District of Columbia, District of Columbia",6.3,33.4,96953,41533,"Census Tract 94, District of Columbia, District of Columbia",1627,2.89,3.87,4710,41.5,"Census Tract 94, District of Columbia, District of Columbia",1803,1627,1803,0,1330,297
1400000US11001009501,"Census Tract 95.01, District of Columbia, District of Columbia",7277,50.2,22.4,26.8,25.4,42.9,0.2,3.3,0.1,0.0,"Census Tract 95.01, District of Columbia, District of Columbia",5.2,26.7,44443,17804,"Census Tract 95.01, District of Columbia, District of Columbia",1875,2.66,3.89,4991,27.6,"Census Tract 95.01, District of Columbia, District of Columbia",1968,1875,1968,0,350,1525
1400000US11001009503,"Census Tract 95.03, District of Columbia, District of Columbia",3247,44.3,42.4,2.5,21.4,74.1,0.0,1.0,0.0,0.0,"Census Tract 95.03, District of Columbia, District of Columbia",3.6,33.0,118039,48210,"Census Tract 95.03, District of Columbia, District of Columbia",1153,2.66,3.12,3065,55.8,"Census Tract 95.03, District of Columbia, District of Columbia",1284,1153,1284,0,900,253
1400000US11001009504,"Census Tract 95.04, District of Columbia, District of Columbia",3464,46.9,43.6,12.2,27.7,54.7,0.0,4.1,0.0,0.0,"Census Tract 95.04, District of Columbia, District of Columbia",1.9,33.1,83487,42512,"Census Tract 95.04, District of Columbia, District of Columbia",1259,2.48,3.55,3120,47.6,"Census Tract 95.04, District of Columbia, District of Columbia",1403,1259,1403,8,848,411
1400000US11001009505,"Census Tract 95.05, District of Columbia, District of Columbia",3473,46.7,43.1,9.2,11.1,75.9,0.8,1.0,0.0,0.3,"Census Tract 95.05, District of Columbia, District of Columbia",6.3,35.2,81169,45367,"Census Tract 95.05, District of Columbia, District of Columbia",1291,2.66,3.70,3430,44.2,"Census Tract 95.05, District of Columbia, District of Columbia",1506,1291,1506,144,988,303
1400000US11001009507,"Census Tract 95.07, District of Columbia, District of Columbia",2005,41.6,33.8,19.4,1.8,77.6,0.0,0.0,0.0,0.0,"Census Tract 95.07, District of Columbia, District of Columbia",13.2,35.8,73750,28469,"Census Tract 95.07, District of Columbia, District of Columbia",609,3.29,4.63,2005,28.3,"Census Tract 95.07, District of Columbia, District of Columbia",625,609,625,11,464,145
1400000US11001009508,"Census Tract 95.08, District of Columbia, District of Columbia",3584,38.7,43.9,15.7,7.2,71.7,2.2,0.9,0.0,0.0,"Census Tract 95.08, District of Columbia, District of Columbia",7.3,30.0,60638,40875,"Census Tract 95.08, District of Columbia, District of Columbia",1560,2.29,3.42,3578,41.0,"Census Tract 95.08, District of Columbia, District of Columbia",1771,1560,1771,30,755,805
1400000US11001009509,"Census Tract 95.09, District of Columbia, District of Columbia",3246,49.8,45.7,10.9,7.8,76.3,0.0,0.0,0.0,2.0,"Census Tract 95.09, District of Columbia, District of Columbia",4.8,31.9,68750,36900,"Census Tract 95.09, District of Columbia, District of Columbia",1308,2.48,3.40,3246,38.3,"Census Tract 95.09, District of Columbia, District of Columbia",1332,1308,1332,0,1135,173
1400000US11001009601,"Census Tract 96.01, District of Columbia, District of Columbia",2511,38.1,33.5,0.6,2.7,96.4,0.0,0.0,0.0,0.0,"Census Tract 96.01, District of Columbia, District of Columbia",14.9,30.3,30948,20303,"Census Tract 96.01, District of Columbia, District of Columbia",886,2.77,3.66,2454,19.2,"Census Tract 96.01, District of Columbia, District of Columbia",938,886,938,16,302,584
1400000US11001009602,"Census Tract 96.02, District of Columbia, District of Columbia",3705,34.2,29.6,3.8,0.5,93.5,0.0,0.3,0.0,0.8,"Census Tract 96.02, District of Columbia, District of Columbia",14.2,35.7,26712,16596,"Census Tract 96.02, District of Columbia, District of Columbia",1780,2.08,3.34,3705,9.6,"Census Tract 96.02, District of Columbia, District of Columbia",1853,1780,1853,67,154,1626
1400000US11001009603,"Census Tract 96.03, District of Columbia, District of Columbia",4040,45.6,41.0,1.0,0.2,97.8,0.0,0.4,0.0,0.0,"Census Tract 96.03, District of Columbia, District of Columbia",9.0,36.5,46353,27965,"Census Tract 96.03, District of Columbia, District of Columbia",1659,2.41,3.61,3990,14.6,"Census Tract 96.03, District of Columbia, District of Columbia",1828,1659,1828,0,513,1146
1400000US11001009604,"Census Tract 96.04, District of Columbia, District of Columbia",2343,38.4,47.2,3.7,2.8,91.6,0.4,0.0,0.0,0.5,"Census Tract 96.04, District of Columbia, District of Columbia",3.9,36.6,62773,32627,"Census Tract 96.04, District of Columbia, District of Columbia",969,2.39,3.47,2318,23.0,"Census Tract 96.04, District of Columbia, District of Columbia",1037,969,1037,7,553,416
1400000US11001009700,"Census Tract 97, District of Columbia, District of Columbia",3313,44.1,28.6,2.7,0.8,96.3,0.0,0.0,0.0,0.2,"Census Tract 97, District of Columbia, District of Columbia",16.3,38.9,39750,22564,"Census Tract 97, District of Columbia, District of Columbia",1074,2.94,3.97,3156,12.3,"Census Tract 97, District of Columbia, District of Columbia",1262,1074,1262,0,391,683
1400000US11001009801,"Census Tract 98.01, District of Columbia, District of Columbia",2275,45.0,26.6,3.8,1.5,92.9,0.2,0.0,0.0,0.0,"Census Tract 98.01, District of Columbia, District of Columbia",14.6,39.3,21088,14452,"Census Tract 98.01, District of Columbia, District of Columbia",879,2.58,3.93,2271,11.9,"Census Tract 98.01, District of Columbia, District of Columbia",944,879,944,17,153,726
1400000US11001009802,"Census Tract 98.02, District of Columbia, District of Columbia",2010,48.3,28.4,3.0,0.5,96.5,0.0,0.0,0.0,0.0,"Census Tract 98.02, District of Columbia, District of Columbia",19.6,41.6,19342,14992,"Census Tract 98.02, District of Columbia, District of Columbia",704,2.86,3.91,2010,12.7,"Census Tract 98.02, District of Columbia, District of Columbia",863,704,863,30,171,533
1400000US11001009803,"Census Tract 98.03, District of Columbia, District of Columbia",3071,46.8,34.6,0.0,0.0,99.4,0.3,0.0,0.0,0.0,"Census Tract 98.03, District of Columbia, District of Columbia",16.0,37.1,31667,23970,"Census Tract 98.03, District of Columbia, District of Columbia",1208,2.52,3.74,3048,7.2,"Census Tract 98.03, District of Columbia, District of Columbia",1422,1208,1422,0,190,1018
1400000US11001009804,"Census Tract 98.04, District of Columbia, District of Columbia",2993,42.6,33.3,6.8,0.9,88.5,0.0,0.2,0.0,0.0,"Census Tract 98.04, District of Columbia, District of Columbia",15.0,34.4,39417,21264,"Census Tract 98.04, District of Columbia, District of Columbia",1031,2.87,3.94,2954,12.3,"Census Tract 98.04, District of Columbia, District of Columbia",1119,1031,1119,0,324,707
1400000US11001009807,"Census Tract 98.07, District of Columbia, District of Columbia",3617,48.8,41.5,0.1,3.7,95.4,0.0,0.0,0.0,0.0,"Census Tract 98.07, District of Columbia, District of Columbia",7.4,39.8,49457,27594,"Census Tract 98.07, District of Columbia, District of Columbia",1301,2.71,3.87,3524,19.6,"Census Tract 98.07, District of Columbia, District of Columbia",1609,1301,1609,64,582,719
1400000US11001009810,"Census Tract 98.10, District of Columbia, District of Columbia",2898,43.8,27.8,0.1,0.1,95.1,0.0,0.0,0.0,3.2,"Census Tract 98.10, District of Columbia, District of Columbia",13.7,48.9,30822,17114,"Census Tract 98.10, District of Columbia, District of Columbia",1196,2.40,3.56,2867,7.7,"Census Tract 98.10, District of Columbia, District of Columbia",1227,1196,1227,0,128,1068
1400000US11001009811,"Census Tract 98.11, District of Columbia, District of Columbia",4992,42.1,27.9,0.2,0.8,96.8,0.0,0.0,0.0,0.0,"Census Tract 98.11, District of Columbia, District of Columbia",14.7,45.0,31432,18213,"Census Tract 98.11, District of Columbia, District of Columbia",1856,2.69,3.76,4992,8.5,"Census Tract 98.11, District of Columbia, District of Columbia",2089,1856,2089,0,255,1601
1400000US11001009901,"Census Tract 99.01, District of Columbia, District of Columbia",2711,48.3,45.1,3.4,3.7,83.1,0.0,7.6,0.0,0.0,"Census Tract 99.01, District of Columbia, District of Columbia",4.1,33.0,96518,43211,"Census Tract 99.01, District of Columbia, District of Columbia",955,2.82,3.55,2695,43.0,"Census Tract 99.01, District of Columbia, District of Columbia",1091,955,1091,0,792,163
1400000US11001009902,"Census Tract 99.02, District of Columbia, District of Columbia",3085,46.2,38.7,0.8,1.5,96.6,0.0,0.5,0.0,0.0,"Census Tract 99.02, District of Columbia, District of Columbia",7.2,32.0,57377,30393,"Census Tract 99.02, District of Columbia, District of Columbia",1105,2.76,3.96,3046,18.7,"Census Tract 99.02, District of Columbia, District of Columbia",1309,1105,1309,0,831,274
1400000US11001009903,"Census Tract 99.03, District of Columbia, District of Columbia",2056,36.3,38.7,0.4,4.6,92.5,0.0,0.0,0.0,0.6,"Census Tract 99.03, District of Columbia, District of Columbia",8.3,36.8,51023,26058,"Census Tract 99.03, District of Columbia, District of Columbia",666,3.09,3.98,2056,25.8,"Census Tract 99.03, District of Columbia, District of Columbia",765,666,765,0,467,199
1400000US11001009904,"Census Tract 99.04, District of Columbia, District of Columbia",2970,46.5,27.3,12.2,1.6,84.2,0.0,0.0,0.4,0.0,"Census Tract 99.04, District of Columbia, District of Columbia",10.6,36.0,32306,20093,"Census Tract 99.04, District of Columbia, District of Columbia",1071,2.75,4.16,2946,18.1,"Census Tract 99.04, District of Columbia, District of Columbia",1323,1071,1323,0,323,748
1400000US11001009905,"Census Tract 99.05, District of Columbia, District of Columbia",2926,52.5,37.2,0.0,0.5,96.9,0.0,0.0,0.0,0.5,"Census Tract 99.05, District of Columbia, District of Columbia",13.5,37.1,45094,27215,"Census Tract 99.05, District of Columbia, District of Columbia",1139,2.54,3.62,2898,12.4,"Census Tract 99.05, District of Columbia, District of Columbia",1356,1139,1356,10,522,617
1400000US11001009906,"Census Tract 99.06, District of Columbia, District of Columbia",1630,41.0,34.9,3.0,0.0,95.0,0.0,0.5,0.0,0.0,"Census Tract 99.06, District of Columbia, District of Columbia",10.3,36.6,45074,25263,"Census Tract 99.06, District of Columbia, District of Columbia",756,2.13,2.96,1612,15.2,"Census Tract 99.06, District of Columbia, District of Columbia",816,756,816,0,209,547
1400000US11001009907,"Census Tract 99.07, District of Columbia, District of Columbia",2955,39.3,31.9,1.5,0.5,97.6,0.0,0.0,0.0,0.0,"Census Tract 99.07, District of Columbia, District of Columbia",12.8,35.9,31506,18574,"Census Tract 99.07, District of Columbia, District of Columbia",1171,2.52,3.12,2953,12.3,"Census Tract 99.07, District of Columbia, District of Columbia",1243,1171,1243,0,196,975
1400000US11001010100,"Census Tract 101, District of Columbia, District of Columbia",2861,48.7,35.3,11.2,56.3,12.1,0.0,18.0,0.0,1.0,"Census Tract 101, District of Columbia, District of Columbia",3.9,22.8,94250,82768,"Census Tract 101, District of Columbia, District of Columbia",1766,1.59,2.75,2801,80.6,"Census Tract 101, District of Columbia, District of Columbia",1907,1766,1907,0,401,1365
1400000US11001010200,"Census Tract 102, District of Columbia, District of Columbia",2849,48.2,34.5,6.5,52.8,27.9,2.5,5.8,0.0,0.0,"Census Tract 102, District of Columbia, District of Columbia",1.0,26.2,109844,75254,"Census Tract 102, District of Columbia, District of Columbia",1539,1.83,2.72,2819,85.0,"Census Tract 102, District of Columbia, District of Columbia",1717,1539,1717,164,553,986
1400000US11001010300,"Census Tract 103, District of Columbia, District of Columbia",4008,47.2,36.6,31.4,14.9,48.8,0.0,2.4,0.0,0.0,"Census Tract 103, District of Columbia, District of Columbia",5.7,37.6,91758,39220,"Census Tract 103, District of Columbia, District of Columbia",1253,3.03,3.73,3796,47.6,"Census Tract 103, District of Columbia, District of Columbia",1322,1253,1322,9,634,619
1400000US11001010400,"Census Tract 104, District of Columbia, District of Columbia",4829,43.3,36.8,3.7,4.0,92.0,0.0,0.0,0.0,0.0,"Census Tract 104, District of Columbia, District of Columbia",12.5,48.3,38037,19032,"Census Tract 104, District of Columbia, District of Columbia",1608,2.60,3.89,4177,18.7,"Census Tract 104, District of Columbia, District of Columbia",1836,1608,1836,0,521,1087
1400000US11001010500,"Census Tract 105, District of Columbia, District of Columbia",3730,49.0,35.7,6.3,37.8,46.2,0.0,5.1,0.4,0.4,"Census Tract 105, District of Columbia, District of Columbia",6.6,27.6,79063,60935,"Census Tract 105, District of Columbia, District of Columbia",2290,1.63,2.85,3730,69.4,"Census Tract 105, District of Columbia, District of Columbia",2394,2290,2394,0,821,1469
1400000US11001010600,"Census Tract 106, District of Columbia, District of Columbia",7805,52.2,31.0,4.5,59.9,26.2,0.0,7.3,0.0,0.0,"Census Tract 106, District of Columbia, District of Columbia",1.7,29.6,107607,69418,"Census Tract 106, District of Columbia, District of Columbia",3716,2.08,2.83,7724,79.7,"Census Tract 106, District of Columbia, District of Columbia",4152,3716,4152,848,739,2977
1400000US11001010700,"Census Tract 107, District of Columbia, District of Columbia",1756,55.5,29.3,13.6,65.1,6.7,0.0,11.4,2.0,0.0,"Census Tract 107, District of Columbia, District of Columbia",3.1,21.0,73688,58094,"Census Tract 107, District of Columbia, District of Columbia",1101,1.48,2.23,1629,83.1,"Census Tract 107, District of Columbia, District of Columbia",1188,1101,1188,0,138,963
1400000US11001010800,"Census Tract 108, District of Columbia, District of Columbia",6356,44.2,19.9,8.7,65.0,10.0,0.0,12.4,0.1,0.0,"Census Tract 108, District of Columbia, District of Columbia",3.1,15.9,45278,11273,"Census Tract 108, District of Columbia, District of Columbia",782,1.40,2.07,1092,78.9,"Census Tract 108, District of Columbia, District of Columbia",1083,782,1083,34,42,740
1400000US11001010900,"Census Tract 109, District of Columbia, District of Columbia",3819,49.0,26.3,2.2,0.9,94.4,0.0,0.6,0.0,0.4,"Census Tract 109, District of Columbia, District of Columbia",9.0,31.6,41660,19156,"Census Tract 109, District of Columbia, District of Columbia",1263,2.63,3.79,3317,18.3,"Census Tract 109, District of Columbia, District of Columbia",1429,1263,1429,0,66,1197
1400000US11001011000,"Census Tract 110, District of Columbia, District of Columbia",4188,43.0,44.0,6.7,58.2,27.0,0.6,5.5,0.0,0.0,"Census Tract 110, District of Columbia, District of Columbia",3.8,28.8,84375,64925,"Census Tract 110, District of Columbia, District of Columbia",2645,1.57,2.51,4146,81.2,"Census Tract 110, District of Columbia, District of Columbia",2875,2645,2875,206,1443,1202
1400000US11001011100,"Census Tract 111, District of Columbia, District of Columbia",5571,50.4,41.0,9.1,8.4,77.8,0.2,1.4,0.0,0.1,"Census Tract 111, District of Columbia, District of Columbia",6.7,30.4,79628,36411,"Census Tract 111, District of Columbia, District of Columbia",1741,2.81,3.81,4895,43.7,"Census Tract 111, District of Columbia, District of Columbia",1924,1741,1924,25,1323,418
0400000US11,District of Columbia,684498,47.5,33.9,10.9,36.2,46.1,0.2,3.8,0.0,0.4,District of Columbia,5.1,30.3,82604,53321,District of Columbia,281322,2.29,3.30,644878,57.6,District of Columbia,311545,281322,311545,8053,117571,163751
1600000US1150000,"Washington city, District of Columbia",684498,47.5,33.9,10.9,36.2,46.1,0.2,3.8,0.0,0.4,"Washington city, District of Columbia",5.1,30.3,82604,53321,"Washington city, District of Columbia",281322,2.29,3.30,644878,57.6,"Washington city, District of Columbia",311545,281322,311545,8053,117571,163751
